order_id,order_date,customer_id,region,category,channel,quantity,revenue
ORD-0001,2026-06-13,CUST-0053,East,Electronics,Email,2,310.18
ORD-0002,2026-06-23,CUST-0112,East,Sports,Social,1,57.37
ORD-0003,2026-03-01,CUST-0230,East,Sports,Paid Search,5,359.91
ORD-0004,2026-05-31,CUST-0080,South,Electronics,Paid Search,4,662.49
ORD-0005,2026-02-25,CUST-0177,South,Electronics,Organic,4,574.82
ORD-0006,2026-06-04,CUST-0194,South,Electronics,Social,5,731.17
ORD-0007,2026-01-21,CUST-0036,South,Sports,Email,5,317.3
ORD-0008,2026-01-12,CUST-0195,West,Home,Organic,2,212.98
ORD-0009,2026-03-13,CUST-0344,Midwest,Home,Paid Search,3,250.46
ORD-0010,2026-03-10,CUST-0084,East,Sports,Paid Search,5,417.96
ORD-0011,2026-04-29,CUST-0029,Midwest,Home,Referral,2,196.62
ORD-0012,2026-02-28,CUST-0291,East,Home,Social,3,211.44
ORD-0013,2026-03-22,CUST-0072,West,Beauty,Social,4,131.43
ORD-0014,2026-03-05,CUST-0113,South,Sports,Social,5,356.14
ORD-0015,2026-02-05,CUST-0082,Midwest,Electronics,Organic,1,148.76
ORD-0016,2026-06-24,CUST-0240,Midwest,Sports,Organic,4,282.24
ORD-0017,2026-05-16,CUST-0275,South,Sports,Organic,1,81.81
ORD-0018,2026-03-10,CUST-0002,South,Electronics,Email,4,596.94
ORD-0019,2026-03-09,CUST-0260,West,Sports,Organic,3,263.44
ORD-0020,2026-06-05,CUST-0272,West,Clothing,Email,2,122.36
ORD-0021,2026-01-01,CUST-0158,South,Beauty,Organic,1,48.58
ORD-0022,2026-03-03,CUST-0249,East,Clothing,Referral,1,47.57
ORD-0023,2026-01-18,CUST-0271,West,Clothing,Social,5,249.77
ORD-0024,2026-06-05,CUST-0205,Midwest,Clothing,Referral,2,132.78
ORD-0025,2026-06-21,CUST-0116,South,Beauty,Referral,4,129.68
ORD-0026,2026-01-17,CUST-0113,South,Electronics,Referral,5,778.55
ORD-0027,2026-01-02,CUST-0170,East,Electronics,Paid Search,1,216.49
ORD-0028,2026-01-19,CUST-0293,West,Home,Social,2,183.53
ORD-0029,2026-05-28,CUST-0050,Midwest,Clothing,Social,4,202.85
ORD-0030,2026-06-18,CUST-0028,Midwest,Home,Social,4,354.06
ORD-0031,2026-06-22,CUST-0056,East,Electronics,Social,3,621.16
ORD-0032,2026-03-05,CUST-0094,West,Clothing,Referral,4,196.82
ORD-0033,2026-03-13,CUST-0282,Midwest,Clothing,Organic,4,276.96
ORD-0034,2026-01-26,CUST-0122,East,Sports,Organic,1,90.99
ORD-0035,2026-02-12,CUST-0031,Midwest,Beauty,Social,2,94.59
ORD-0036,2026-02-12,CUST-0233,Midwest,Electronics,Social,3,655.16
ORD-0037,2026-03-15,CUST-0112,Midwest,Sports,Social,2,126.74
ORD-0038,2026-01-15,CUST-0258,East,Home,Organic,1,93.79
ORD-0039,2026-05-16,CUST-0036,West,Electronics,Referral,1,211.62
ORD-0040,2026-06-02,CUST-0292,East,Clothing,Social,1,73.25
ORD-0041,2026-03-05,CUST-0290,East,Sports,Organic,4,323.61
ORD-0042,2026-05-14,CUST-0203,South,Home,Paid Search,3,234.72
ORD-0043,2026-02-03,CUST-0319,South,Beauty,Email,1,30.19
ORD-0044,2026-05-25,CUST-0068,East,Electronics,Referral,2,361.06
ORD-0045,2026-03-31,CUST-0279,East,Clothing,Email,3,149.2
ORD-0046,2026-03-19,CUST-0069,East,Sports,Email,1,91.46
ORD-0047,2026-03-09,CUST-0310,East,Electronics,Referral,2,319.02
ORD-0048,2026-02-23,CUST-0027,South,Clothing,Email,5,298.28
ORD-0049,2026-01-24,CUST-0067,Midwest,Home,Organic,1,82.51
ORD-0050,2026-06-13,CUST-0288,South,Clothing,Social,5,330.85
ORD-0051,2026-01-03,CUST-0190,East,Electronics,Paid Search,5,691.21
ORD-0052,2026-05-30,CUST-0021,West,Beauty,Paid Search,1,36.17
ORD-0053,2026-04-02,CUST-0209,West,Clothing,Organic,3,205.21
ORD-0054,2026-06-08,CUST-0013,West,Clothing,Paid Search,2,142.88
ORD-0055,2026-02-15,CUST-0056,South,Beauty,Paid Search,3,99.55
ORD-0056,2026-04-08,CUST-0236,East,Beauty,Paid Search,2,92.66
ORD-0057,2026-03-31,CUST-0205,South,Clothing,Paid Search,1,64.8
ORD-0058,2026-03-26,CUST-0205,South,Electronics,Email,3,578.2
ORD-0059,2026-06-23,CUST-0136,South,Electronics,Organic,3,453.21
ORD-0060,2026-01-10,CUST-0161,East,Sports,Social,3,250.71
ORD-0061,2026-04-22,CUST-0224,East,Beauty,Referral,2,70.19
ORD-0062,2026-01-01,CUST-0170,West,Home,Social,1,110.2
ORD-0063,2026-06-09,CUST-0210,South,Electronics,Email,5,814.18
ORD-0064,2026-03-25,CUST-0341,Midwest,Home,Referral,2,152.27
ORD-0065,2026-04-08,CUST-0001,West,Sports,Referral,3,214.43
ORD-0066,2026-03-19,CUST-0165,South,Clothing,Social,5,316.0
ORD-0067,2026-04-30,CUST-0087,Midwest,Beauty,Paid Search,5,197.32
ORD-0068,2026-06-18,CUST-0121,East,Home,Referral,5,412.92
ORD-0069,2026-06-22,CUST-0126,South,Clothing,Paid Search,2,91.47
ORD-0070,2026-05-02,CUST-0197,East,Beauty,Social,5,169.44
ORD-0071,2026-05-07,CUST-0055,Midwest,Clothing,Paid Search,1,71.78
ORD-0072,2026-04-19,CUST-0128,West,Clothing,Referral,4,186.03
ORD-0073,2026-02-01,CUST-0305,Midwest,Clothing,Social,5,373.18
ORD-0074,2026-03-23,CUST-0281,Midwest,Sports,Referral,4,349.59
ORD-0075,2026-04-25,CUST-0327,West,Beauty,Social,3,135.11
ORD-0076,2026-03-12,CUST-0147,Midwest,Clothing,Email,4,189.3
ORD-0077,2026-03-02,CUST-0078,South,Home,Email,5,355.63
ORD-0078,2026-03-01,CUST-0170,Midwest,Clothing,Paid Search,1,57.45
ORD-0079,2026-05-19,CUST-0200,Midwest,Beauty,Organic,2,93.32
ORD-0080,2026-05-30,CUST-0181,East,Sports,Social,4,225.88
ORD-0081,2026-03-18,CUST-0113,Midwest,Beauty,Referral,5,229.99
ORD-0082,2026-05-05,CUST-0173,West,Home,Social,4,275.22
ORD-0083,2026-06-21,CUST-0274,Midwest,Clothing,Social,2,148.84
ORD-0084,2026-01-07,CUST-0220,Midwest,Sports,Referral,1,59.4
ORD-0085,2026-02-04,CUST-0109,Midwest,Clothing,Organic,3,169.12
ORD-0086,2026-04-27,CUST-0216,South,Home,Social,3,304.02
ORD-0087,2026-03-06,CUST-0180,East,Beauty,Organic,5,155.21
ORD-0088,2026-02-27,CUST-0011,East,Electronics,Organic,2,305.88
ORD-0089,2026-06-09,CUST-0289,West,Clothing,Paid Search,4,260.34
ORD-0090,2026-02-25,CUST-0059,Midwest,Home,Email,2,189.53
ORD-0091,2026-02-11,CUST-0295,South,Electronics,Referral,1,218.6
ORD-0092,2026-06-23,CUST-0322,Midwest,Beauty,Paid Search,1,41.84
ORD-0093,2026-03-04,CUST-0290,East,Home,Referral,1,103.33
ORD-0094,2026-01-11,CUST-0332,South,Sports,Social,3,176.51
ORD-0095,2026-03-29,CUST-0186,East,Beauty,Social,1,38.67
ORD-0096,2026-06-12,CUST-0334,Midwest,Clothing,Social,2,134.03
ORD-0097,2026-03-11,CUST-0126,Midwest,Beauty,Social,5,176.84
ORD-0098,2026-01-23,CUST-0343,South,Beauty,Paid Search,4,165.59
ORD-0099,2026-04-08,CUST-0109,South,Electronics,Social,3,454.1
ORD-0100,2026-04-01,CUST-0142,South,Home,Email,5,495.27
ORD-0101,2026-05-23,CUST-0209,East,Sports,Paid Search,1,65.3
ORD-0102,2026-05-06,CUST-0048,West,Beauty,Social,4,183.43
ORD-0103,2026-03-17,CUST-0189,West,Beauty,Paid Search,3,129.84
ORD-0104,2026-05-02,CUST-0233,South,Beauty,Referral,3,111.11
ORD-0105,2026-03-11,CUST-0162,South,Home,Paid Search,1,99.96
ORD-0106,2026-01-31,CUST-0302,West,Clothing,Paid Search,4,213.18
ORD-0107,2026-05-15,CUST-0092,South,Electronics,Paid Search,3,466.42
ORD-0108,2026-03-19,CUST-0028,East,Sports,Paid Search,3,173.87
ORD-0109,2026-05-22,CUST-0294,South,Clothing,Social,1,71.18
ORD-0110,2026-03-14,CUST-0027,Midwest,Beauty,Social,3,101.06
ORD-0111,2026-03-06,CUST-0296,Midwest,Electronics,Organic,4,717.03
ORD-0112,2026-06-11,CUST-0044,East,Clothing,Paid Search,5,367.37
ORD-0113,2026-03-05,CUST-0317,East,Sports,Social,5,393.02
ORD-0114,2026-02-27,CUST-0220,Midwest,Beauty,Social,3,141.61
ORD-0115,2026-03-20,CUST-0136,East,Sports,Organic,2,159.41
ORD-0116,2026-06-19,CUST-0081,East,Clothing,Paid Search,2,123.12
ORD-0117,2026-01-01,CUST-0119,Midwest,Beauty,Referral,4,143.3
ORD-0118,2026-03-15,CUST-0321,South,Beauty,Organic,2,96.96
ORD-0119,2026-05-31,CUST-0077,West,Beauty,Organic,5,172.48
ORD-0120,2026-03-10,CUST-0305,West,Electronics,Organic,2,412.67
ORD-0121,2026-05-26,CUST-0207,South,Beauty,Organic,4,175.09
ORD-0122,2026-03-11,CUST-0222,Midwest,Beauty,Organic,5,153.99
ORD-0123,2026-03-24,CUST-0295,South,Electronics,Organic,2,443.14
ORD-0124,2026-05-31,CUST-0090,East,Home,Referral,1,101.84
ORD-0125,2026-05-01,CUST-0252,Midwest,Home,Paid Search,5,435.57
ORD-0126,2026-01-24,CUST-0054,Midwest,Home,Social,3,245.84
ORD-0127,2026-02-11,CUST-0206,South,Beauty,Social,3,129.76
ORD-0128,2026-05-21,CUST-0060,East,Beauty,Organic,3,105.14
ORD-0129,2026-04-14,CUST-0266,East,Sports,Social,4,233.13
ORD-0130,2026-04-03,CUST-0068,Midwest,Beauty,Organic,2,70.68
ORD-0131,2026-03-15,CUST-0312,Midwest,Beauty,Organic,1,49.46
ORD-0132,2026-03-03,CUST-0048,West,Home,Referral,1,92.35
ORD-0133,2026-02-27,CUST-0150,East,Beauty,Organic,2,79.94
ORD-0134,2026-05-11,CUST-0283,South,Beauty,Social,4,139.5
ORD-0135,2026-02-07,CUST-0070,Midwest,Clothing,Referral,5,336.94
ORD-0136,2026-01-18,CUST-0002,South,Beauty,Email,5,176.72
ORD-0137,2026-03-14,CUST-0229,South,Sports,Referral,4,354.79
ORD-0138,2026-05-18,CUST-0194,Midwest,Home,Email,5,509.15
ORD-0139,2026-04-27,CUST-0211,South,Clothing,Paid Search,5,282.45
ORD-0140,2026-01-12,CUST-0334,South,Beauty,Social,4,199.07
ORD-0141,2026-02-08,CUST-0170,Midwest,Electronics,Paid Search,5,1109.41
ORD-0142,2026-01-26,CUST-0074,Midwest,Electronics,Referral,4,545.53
ORD-0143,2026-04-15,CUST-0204,West,Electronics,Social,3,496.41
ORD-0144,2026-06-16,CUST-0321,East,Home,Referral,4,441.75
ORD-0145,2026-05-05,CUST-0148,East,Sports,Organic,2,159.84
ORD-0146,2026-02-28,CUST-0154,East,Beauty,Organic,1,38.87
ORD-0147,2026-01-08,CUST-0221,East,Home,Organic,3,250.89
ORD-0148,2026-02-07,CUST-0093,West,Sports,Social,5,409.09
ORD-0149,2026-02-13,CUST-0124,West,Electronics,Referral,4,763.1
ORD-0150,2026-05-08,CUST-0342,West,Clothing,Social,3,176.36
ORD-0151,2026-01-03,CUST-0177,Midwest,Home,Referral,2,141.65
ORD-0152,2026-05-31,CUST-0102,South,Beauty,Email,4,187.62
ORD-0153,2026-04-09,CUST-0295,Midwest,Electronics,Paid Search,4,745.89
ORD-0154,2026-03-17,CUST-0026,South,Electronics,Social,3,407.19
ORD-0155,2026-06-05,CUST-0113,Midwest,Home,Paid Search,5,517.93
ORD-0156,2026-06-12,CUST-0322,West,Sports,Email,2,159.62
ORD-0157,2026-06-15,CUST-0068,East,Home,Social,1,93.58
ORD-0158,2026-01-24,CUST-0277,South,Home,Social,2,153.07
ORD-0159,2026-04-04,CUST-0152,South,Clothing,Email,4,296.09
ORD-0160,2026-03-28,CUST-0116,East,Beauty,Organic,2,90.17
ORD-0161,2026-06-23,CUST-0008,Midwest,Sports,Email,1,85.9
ORD-0162,2026-03-09,CUST-0327,East,Beauty,Email,3,125.07
ORD-0163,2026-04-06,CUST-0288,East,Clothing,Social,1,63.59
ORD-0164,2026-03-25,CUST-0060,West,Electronics,Social,3,580.29
ORD-0165,2026-02-05,CUST-0121,East,Electronics,Email,4,581.8
ORD-0166,2026-05-18,CUST-0277,West,Beauty,Social,3,130.23
ORD-0167,2026-04-18,CUST-0144,West,Beauty,Organic,4,169.25
ORD-0168,2026-01-09,CUST-0186,South,Clothing,Social,4,294.07
ORD-0169,2026-01-26,CUST-0098,South,Sports,Email,1,71.18
ORD-0170,2026-02-01,CUST-0026,Midwest,Electronics,Paid Search,5,1111.99
ORD-0171,2026-03-27,CUST-0284,West,Clothing,Referral,2,94.12
ORD-0172,2026-02-23,CUST-0306,West,Clothing,Email,2,137.32
ORD-0173,2026-01-01,CUST-0090,South,Clothing,Paid Search,5,262.6
ORD-0174,2026-01-29,CUST-0122,East,Clothing,Organic,3,206.1
ORD-0175,2026-05-31,CUST-0216,South,Electronics,Paid Search,3,419.15
ORD-0176,2026-05-15,CUST-0263,East,Electronics,Social,4,820.09
ORD-0177,2026-06-01,CUST-0023,East,Beauty,Referral,2,97.82
ORD-0178,2026-06-18,CUST-0206,South,Beauty,Organic,1,49.97
ORD-0179,2026-04-20,CUST-0165,East,Beauty,Social,1,47.99
ORD-0180,2026-06-05,CUST-0300,West,Electronics,Paid Search,3,573.57
ORD-0181,2026-05-21,CUST-0259,South,Beauty,Referral,5,179.49
ORD-0182,2026-06-04,CUST-0111,Midwest,Electronics,Organic,5,999.38
ORD-0183,2026-04-21,CUST-0205,Midwest,Clothing,Social,3,209.47
ORD-0184,2026-04-17,CUST-0192,East,Home,Social,3,292.29
ORD-0185,2026-02-09,CUST-0050,Midwest,Electronics,Organic,1,143.39
ORD-0186,2026-04-06,CUST-0288,West,Sports,Organic,5,460.62
ORD-0187,2026-03-26,CUST-0027,East,Beauty,Email,4,189.45
ORD-0188,2026-03-15,CUST-0080,South,Home,Organic,5,451.67
ORD-0189,2026-06-18,CUST-0189,Midwest,Clothing,Organic,3,211.08
ORD-0190,2026-01-30,CUST-0319,South,Sports,Paid Search,4,351.77
ORD-0191,2026-06-07,CUST-0159,East,Sports,Email,1,63.02
ORD-0192,2026-03-28,CUST-0206,South,Electronics,Paid Search,2,371.94
ORD-0193,2026-01-18,CUST-0215,West,Electronics,Organic,5,771.81
ORD-0194,2026-04-27,CUST-0291,South,Clothing,Email,3,199.94
ORD-0195,2026-06-02,CUST-0026,East,Electronics,Paid Search,2,405.8
ORD-0196,2026-06-22,CUST-0227,East,Home,Social,4,357.42
ORD-0197,2026-04-17,CUST-0057,South,Clothing,Referral,1,55.36
ORD-0198,2026-03-14,CUST-0307,Midwest,Sports,Email,1,64.52
ORD-0199,2026-01-15,CUST-0131,East,Clothing,Email,2,136.04
ORD-0200,2026-03-16,CUST-0090,South,Electronics,Organic,4,808.93
ORD-0201,2026-02-03,CUST-0343,Midwest,Sports,Paid Search,5,386.01
ORD-0202,2026-04-01,CUST-0040,East,Beauty,Organic,4,121.5
ORD-0203,2026-03-22,CUST-0208,Midwest,Sports,Social,4,268.43
ORD-0204,2026-01-06,CUST-0186,South,Clothing,Referral,4,279.84
ORD-0205,2026-01-23,CUST-0269,Midwest,Electronics,Paid Search,4,751.99
ORD-0206,2026-01-21,CUST-0087,Midwest,Home,Email,2,164.98
ORD-0207,2026-01-20,CUST-0179,East,Sports,Referral,2,180.44
ORD-0208,2026-03-31,CUST-0089,West,Clothing,Organic,2,105.36
ORD-0209,2026-06-04,CUST-0289,West,Electronics,Paid Search,4,707.02
ORD-0210,2026-05-29,CUST-0322,Midwest,Sports,Referral,3,265.98
ORD-0211,2026-03-22,CUST-0156,West,Beauty,Organic,4,155.38
ORD-0212,2026-03-12,CUST-0232,East,Home,Referral,1,81.47
ORD-0213,2026-01-10,CUST-0047,East,Home,Email,1,96.51
ORD-0214,2026-06-07,CUST-0022,Midwest,Beauty,Referral,5,245.42
ORD-0215,2026-04-26,CUST-0032,West,Home,Referral,4,360.25
ORD-0216,2026-04-26,CUST-0021,East,Home,Organic,5,482.88
ORD-0217,2026-03-05,CUST-0187,Midwest,Beauty,Referral,5,210.98
ORD-0218,2026-04-06,CUST-0027,South,Beauty,Social,3,130.73
ORD-0219,2026-06-11,CUST-0198,South,Electronics,Email,1,185.22
ORD-0220,2026-03-14,CUST-0340,South,Sports,Paid Search,3,177.92
ORD-0221,2026-02-06,CUST-0044,South,Home,Social,2,188.55
ORD-0222,2026-03-21,CUST-0344,Midwest,Home,Paid Search,5,358.53
ORD-0223,2026-04-19,CUST-0110,South,Electronics,Email,3,453.67
ORD-0224,2026-03-29,CUST-0152,Midwest,Clothing,Paid Search,2,99.3
ORD-0225,2026-01-26,CUST-0079,East,Home,Referral,2,188.75
ORD-0226,2026-02-11,CUST-0187,West,Sports,Paid Search,4,231.55
ORD-0227,2026-06-23,CUST-0230,West,Beauty,Referral,3,135.14
ORD-0228,2026-03-01,CUST-0293,West,Home,Social,2,168.11
ORD-0229,2026-04-23,CUST-0083,Midwest,Home,Social,5,456.18
ORD-0230,2026-02-21,CUST-0284,West,Home,Organic,4,427.34
ORD-0231,2026-01-27,CUST-0263,East,Home,Organic,2,159.55
ORD-0232,2026-02-07,CUST-0014,Midwest,Electronics,Paid Search,4,858.47
ORD-0233,2026-04-17,CUST-0042,East,Beauty,Referral,3,104.15
ORD-0234,2026-04-06,CUST-0333,West,Electronics,Email,1,210.53
ORD-0235,2026-03-27,CUST-0242,West,Clothing,Organic,3,217.57
ORD-0236,2026-06-28,CUST-0041,West,Beauty,Social,5,150.53
ORD-0237,2026-01-05,CUST-0312,South,Clothing,Paid Search,5,366.03
ORD-0238,2026-05-16,CUST-0025,Midwest,Electronics,Email,2,324.21
ORD-0239,2026-03-03,CUST-0256,Midwest,Sports,Social,1,60.41
ORD-0240,2026-06-02,CUST-0150,East,Sports,Referral,2,166.39
ORD-0241,2026-04-20,CUST-0096,East,Sports,Email,2,155.3
ORD-0242,2026-06-20,CUST-0279,East,Sports,Email,1,92.0
ORD-0243,2026-05-10,CUST-0192,East,Beauty,Social,1,42.71
ORD-0244,2026-03-06,CUST-0337,East,Home,Organic,3,235.05
ORD-0245,2026-06-10,CUST-0280,East,Sports,Email,2,115.83
ORD-0246,2026-03-28,CUST-0033,West,Beauty,Social,2,92.46
ORD-0247,2026-04-28,CUST-0022,East,Home,Paid Search,1,103.1
ORD-0248,2026-03-22,CUST-0019,South,Sports,Social,5,370.01
ORD-0249,2026-06-15,CUST-0170,West,Home,Email,1,106.46
ORD-0250,2026-03-11,CUST-0198,East,Home,Social,4,403.8
ORD-0251,2026-03-28,CUST-0266,West,Beauty,Social,3,145.46
ORD-0252,2026-03-10,CUST-0093,East,Beauty,Organic,4,168.2
ORD-0253,2026-05-20,CUST-0152,South,Home,Organic,1,82.26
ORD-0254,2026-03-20,CUST-0180,Midwest,Sports,Social,2,164.23
ORD-0255,2026-04-25,CUST-0030,East,Home,Referral,4,319.42
ORD-0256,2026-01-20,CUST-0074,Midwest,Home,Referral,2,220.75
ORD-0257,2026-06-05,CUST-0331,Midwest,Electronics,Paid Search,1,156.24
ORD-0258,2026-04-04,CUST-0348,South,Beauty,Referral,1,42.1
ORD-0259,2026-04-26,CUST-0272,South,Home,Social,1,93.33
ORD-0260,2026-04-04,CUST-0014,Midwest,Home,Email,2,221.45
ORD-0261,2026-02-17,CUST-0134,Midwest,Sports,Social,5,303.33
ORD-0262,2026-04-25,CUST-0070,West,Sports,Email,4,255.03
ORD-0263,2026-01-19,CUST-0164,Midwest,Clothing,Social,1,69.32
ORD-0264,2026-06-20,CUST-0154,South,Electronics,Referral,5,805.66
ORD-0265,2026-02-10,CUST-0103,West,Home,Referral,2,145.92
ORD-0266,2026-02-05,CUST-0189,West,Beauty,Organic,3,123.24
ORD-0267,2026-04-30,CUST-0246,West,Sports,Organic,1,67.85
ORD-0268,2026-05-15,CUST-0163,Midwest,Beauty,Referral,1,32.51
ORD-0269,2026-06-14,CUST-0283,East,Beauty,Social,5,184.45
ORD-0270,2026-06-13,CUST-0029,West,Clothing,Social,5,361.61
ORD-0271,2026-02-01,CUST-0116,West,Home,Paid Search,2,164.04
ORD-0272,2026-03-30,CUST-0283,South,Electronics,Email,2,384.31
ORD-0273,2026-03-12,CUST-0329,West,Home,Referral,5,358.52
ORD-0274,2026-02-13,CUST-0289,West,Clothing,Referral,5,275.64
ORD-0275,2026-01-11,CUST-0108,East,Electronics,Organic,5,794.1
ORD-0276,2026-05-27,CUST-0280,Midwest,Sports,Organic,4,358.35
ORD-0277,2026-03-16,CUST-0038,South,Beauty,Paid Search,4,143.79
ORD-0278,2026-06-26,CUST-0105,East,Clothing,Social,4,238.11
ORD-0279,2026-03-29,CUST-0067,West,Home,Email,3,334.18
ORD-0280,2026-04-05,CUST-0231,East,Home,Paid Search,4,292.05
ORD-0281,2026-03-05,CUST-0316,West,Electronics,Organic,3,660.25
ORD-0282,2026-04-18,CUST-0098,West,Clothing,Email,5,333.17
ORD-0283,2026-02-10,CUST-0255,Midwest,Sports,Social,4,356.86
ORD-0284,2026-01-06,CUST-0111,East,Beauty,Referral,4,197.33
ORD-0285,2026-05-30,CUST-0335,South,Electronics,Organic,3,538.62
ORD-0286,2026-06-22,CUST-0221,Midwest,Home,Referral,1,105.62
ORD-0287,2026-02-04,CUST-0027,South,Home,Social,3,208.61
ORD-0288,2026-05-26,CUST-0259,West,Home,Referral,3,212.43
ORD-0289,2026-04-26,CUST-0050,South,Sports,Referral,1,61.07
ORD-0290,2026-04-11,CUST-0102,South,Home,Referral,3,304.42
ORD-0291,2026-06-04,CUST-0171,Midwest,Sports,Organic,1,57.71
ORD-0292,2026-05-02,CUST-0314,Midwest,Clothing,Referral,5,245.97
ORD-0293,2026-03-23,CUST-0260,West,Beauty,Referral,3,125.62
ORD-0294,2026-05-11,CUST-0189,Midwest,Sports,Email,4,347.36
ORD-0295,2026-03-26,CUST-0323,East,Beauty,Referral,3,137.81
ORD-0296,2026-01-07,CUST-0027,Midwest,Home,Referral,5,388.7
ORD-0297,2026-05-30,CUST-0195,Midwest,Clothing,Referral,5,341.19
ORD-0298,2026-02-07,CUST-0226,West,Electronics,Referral,1,152.17
ORD-0299,2026-03-22,CUST-0314,Midwest,Clothing,Social,2,114.62
ORD-0300,2026-05-01,CUST-0340,East,Clothing,Referral,2,123.65
ORD-0301,2026-05-03,CUST-0176,Midwest,Home,Paid Search,4,434.18
ORD-0302,2026-05-20,CUST-0127,South,Home,Referral,4,304.61
ORD-0303,2026-03-13,CUST-0251,South,Clothing,Email,3,198.44
ORD-0304,2026-03-23,CUST-0294,Midwest,Home,Referral,3,241.35
ORD-0305,2026-06-23,CUST-0148,Midwest,Beauty,Email,2,71.62
ORD-0306,2026-01-21,CUST-0276,South,Beauty,Email,4,137.12
ORD-0307,2026-03-11,CUST-0123,South,Clothing,Organic,5,336.13
ORD-0308,2026-03-04,CUST-0212,East,Sports,Paid Search,2,116.44
ORD-0309,2026-03-26,CUST-0081,Midwest,Electronics,Paid Search,1,221.81
ORD-0310,2026-04-15,CUST-0331,Midwest,Beauty,Paid Search,3,109.27
ORD-0311,2026-01-16,CUST-0020,East,Sports,Paid Search,5,419.75
ORD-0312,2026-02-14,CUST-0096,Midwest,Clothing,Organic,4,274.56
ORD-0313,2026-03-16,CUST-0172,East,Electronics,Email,5,946.25
ORD-0314,2026-03-14,CUST-0069,Midwest,Sports,Referral,4,358.39
ORD-0315,2026-05-10,CUST-0235,Midwest,Home,Paid Search,1,82.38
ORD-0316,2026-06-15,CUST-0291,South,Clothing,Organic,3,206.17
ORD-0317,2026-06-22,CUST-0264,West,Clothing,Referral,4,279.24
ORD-0318,2026-03-25,CUST-0245,East,Beauty,Organic,2,99.27
ORD-0319,2026-03-24,CUST-0137,West,Electronics,Email,4,624.79
ORD-0320,2026-03-26,CUST-0185,South,Sports,Referral,1,66.06
ORD-0321,2026-06-27,CUST-0208,West,Electronics,Organic,4,650.45
ORD-0322,2026-06-25,CUST-0113,South,Electronics,Email,3,570.95
ORD-0323,2026-02-04,CUST-0282,Midwest,Clothing,Social,5,281.04
ORD-0324,2026-05-01,CUST-0271,West,Clothing,Referral,1,60.77
ORD-0325,2026-04-03,CUST-0259,East,Sports,Organic,1,87.33
ORD-0326,2026-02-21,CUST-0349,West,Clothing,Email,5,291.28
ORD-0327,2026-02-22,CUST-0233,Midwest,Electronics,Referral,4,831.13
ORD-0328,2026-02-03,CUST-0345,Midwest,Beauty,Referral,1,41.18
ORD-0329,2026-03-20,CUST-0297,East,Beauty,Email,1,44.92
ORD-0330,2026-01-19,CUST-0031,East,Beauty,Email,1,40.82
ORD-0331,2026-01-18,CUST-0070,Midwest,Electronics,Email,4,604.79
ORD-0332,2026-06-14,CUST-0194,Midwest,Home,Social,4,426.53
ORD-0333,2026-04-07,CUST-0276,East,Sports,Paid Search,3,182.1
ORD-0334,2026-04-11,CUST-0238,West,Clothing,Organic,1,74.35
ORD-0335,2026-06-22,CUST-0178,Midwest,Sports,Social,2,131.06
ORD-0336,2026-02-09,CUST-0215,South,Clothing,Organic,1,69.28
ORD-0337,2026-06-07,CUST-0018,East,Clothing,Paid Search,1,48.03
ORD-0338,2026-04-25,CUST-0277,East,Clothing,Organic,4,232.68
ORD-0339,2026-02-25,CUST-0295,East,Clothing,Referral,3,156.07
ORD-0340,2026-03-23,CUST-0267,South,Clothing,Email,2,149.14
ORD-0341,2026-02-26,CUST-0303,Midwest,Home,Email,1,92.55
ORD-0342,2026-02-14,CUST-0330,Midwest,Sports,Social,1,92.71
ORD-0343,2026-06-21,CUST-0154,Midwest,Sports,Email,4,286.24
ORD-0344,2026-04-07,CUST-0154,West,Sports,Social,2,176.2
ORD-0345,2026-02-06,CUST-0286,Midwest,Electronics,Referral,4,888.4
ORD-0346,2026-05-16,CUST-0332,West,Beauty,Paid Search,3,102.2
ORD-0347,2026-01-21,CUST-0098,Midwest,Home,Organic,5,500.53
ORD-0348,2026-01-14,CUST-0038,South,Beauty,Referral,5,153.95
ORD-0349,2026-02-18,CUST-0008,West,Beauty,Paid Search,3,108.19
ORD-0350,2026-02-24,CUST-0105,West,Electronics,Social,2,395.21
ORD-0351,2026-04-12,CUST-0274,West,Sports,Email,3,211.57
ORD-0352,2026-06-16,CUST-0255,South,Home,Email,3,271.73
ORD-0353,2026-04-30,CUST-0212,East,Beauty,Email,2,74.83
ORD-0354,2026-01-12,CUST-0300,West,Clothing,Organic,3,184.8
ORD-0355,2026-05-29,CUST-0195,Midwest,Home,Paid Search,2,164.69
ORD-0356,2026-05-26,CUST-0251,West,Beauty,Referral,3,105.44
ORD-0357,2026-06-14,CUST-0280,Midwest,Beauty,Paid Search,3,100.16
ORD-0358,2026-05-06,CUST-0039,West,Sports,Organic,5,287.59
ORD-0359,2026-06-21,CUST-0119,East,Electronics,Social,2,421.66
ORD-0360,2026-01-18,CUST-0031,West,Electronics,Paid Search,5,880.2
ORD-0361,2026-06-08,CUST-0211,Midwest,Beauty,Organic,1,40.64
ORD-0362,2026-01-04,CUST-0009,East,Sports,Email,5,464.53
ORD-0363,2026-05-09,CUST-0124,Midwest,Clothing,Organic,1,60.73
ORD-0364,2026-02-19,CUST-0208,South,Home,Email,4,284.22
ORD-0365,2026-04-28,CUST-0333,West,Clothing,Email,1,64.61
ORD-0366,2026-01-09,CUST-0029,East,Beauty,Social,4,164.22
ORD-0367,2026-06-13,CUST-0331,East,Clothing,Organic,4,281.44
ORD-0368,2026-03-26,CUST-0291,East,Sports,Organic,2,128.36
ORD-0369,2026-05-02,CUST-0289,South,Electronics,Organic,3,647.81
ORD-0370,2026-06-18,CUST-0301,East,Clothing,Email,1,73.84
ORD-0371,2026-02-06,CUST-0291,Midwest,Electronics,Email,2,371.51
ORD-0372,2026-04-10,CUST-0178,South,Beauty,Paid Search,1,40.02
ORD-0373,2026-01-14,CUST-0315,East,Beauty,Paid Search,1,36.81
ORD-0374,2026-06-02,CUST-0231,Midwest,Home,Organic,3,308.28
ORD-0375,2026-05-06,CUST-0349,West,Home,Referral,4,347.73
ORD-0376,2026-05-30,CUST-0038,Midwest,Electronics,Referral,3,620.47
ORD-0377,2026-01-22,CUST-0163,South,Clothing,Social,2,134.38
ORD-0378,2026-04-03,CUST-0139,East,Electronics,Organic,3,525.08
ORD-0379,2026-01-27,CUST-0285,West,Electronics,Paid Search,4,701.58
ORD-0380,2026-05-12,CUST-0048,Midwest,Electronics,Organic,1,166.85
ORD-0381,2026-06-02,CUST-0044,South,Beauty,Organic,3,114.83
ORD-0382,2026-05-24,CUST-0087,West,Sports,Referral,2,163.9
ORD-0383,2026-02-05,CUST-0086,South,Home,Email,4,296.27
ORD-0384,2026-04-22,CUST-0185,South,Beauty,Email,4,182.61
ORD-0385,2026-03-06,CUST-0055,West,Beauty,Referral,5,169.55
ORD-0386,2026-02-04,CUST-0195,South,Electronics,Social,3,632.24
ORD-0387,2026-03-26,CUST-0165,Midwest,Home,Social,5,368.13
ORD-0388,2026-06-04,CUST-0164,West,Beauty,Email,2,98.58
ORD-0389,2026-03-16,CUST-0202,Midwest,Sports,Paid Search,3,211.06
ORD-0390,2026-04-04,CUST-0093,East,Sports,Paid Search,5,468.24
ORD-0391,2026-06-24,CUST-0036,East,Beauty,Paid Search,4,183.81
ORD-0392,2026-04-15,CUST-0079,Midwest,Clothing,Email,2,105.16
ORD-0393,2026-04-19,CUST-0206,Midwest,Electronics,Social,5,890.66
ORD-0394,2026-05-17,CUST-0275,Midwest,Sports,Organic,3,247.68
ORD-0395,2026-06-02,CUST-0314,East,Electronics,Paid Search,3,449.91
ORD-0396,2026-01-12,CUST-0133,Midwest,Home,Social,1,67.97
ORD-0397,2026-02-26,CUST-0348,West,Beauty,Email,4,157.05
ORD-0398,2026-05-31,CUST-0213,West,Home,Organic,4,288.82
ORD-0399,2026-01-22,CUST-0106,East,Clothing,Email,3,165.88
ORD-0400,2026-05-14,CUST-0232,Midwest,Home,Social,1,87.22
ORD-0401,2026-03-23,CUST-0176,East,Home,Organic,1,68.52
ORD-0402,2026-06-15,CUST-0082,East,Clothing,Paid Search,5,251.17
ORD-0403,2026-03-26,CUST-0096,Midwest,Beauty,Paid Search,4,170.38
ORD-0404,2026-06-13,CUST-0231,Midwest,Beauty,Organic,5,238.31
ORD-0405,2026-06-01,CUST-0033,Midwest,Beauty,Organic,2,68.23
ORD-0406,2026-05-28,CUST-0235,East,Sports,Paid Search,3,205.42
ORD-0407,2026-01-30,CUST-0313,South,Beauty,Referral,3,125.82
ORD-0408,2026-04-11,CUST-0345,East,Home,Email,4,381.13
ORD-0409,2026-03-18,CUST-0060,East,Clothing,Email,1,52.16
ORD-0410,2026-02-16,CUST-0071,South,Clothing,Referral,4,230.19
ORD-0411,2026-05-28,CUST-0331,Midwest,Beauty,Paid Search,4,170.84
ORD-0412,2026-02-14,CUST-0231,West,Beauty,Email,2,67.48
ORD-0413,2026-06-08,CUST-0197,East,Home,Organic,4,294.58
ORD-0414,2026-05-24,CUST-0228,Midwest,Beauty,Social,4,176.81
ORD-0415,2026-05-06,CUST-0113,West,Electronics,Referral,1,206.63
ORD-0416,2026-03-16,CUST-0235,East,Home,Paid Search,5,402.45
ORD-0417,2026-05-25,CUST-0138,Midwest,Sports,Referral,1,77.73
ORD-0418,2026-05-20,CUST-0218,South,Sports,Organic,4,306.95
ORD-0419,2026-01-27,CUST-0045,West,Home,Organic,4,317.31
ORD-0420,2026-04-23,CUST-0313,East,Clothing,Paid Search,5,328.37
ORD-0421,2026-06-11,CUST-0106,Midwest,Clothing,Referral,2,137.09
ORD-0422,2026-01-16,CUST-0166,South,Sports,Email,5,382.27
ORD-0423,2026-03-16,CUST-0348,South,Sports,Email,5,466.03
ORD-0424,2026-01-25,CUST-0065,West,Beauty,Organic,3,142.02
ORD-0425,2026-06-29,CUST-0347,West,Clothing,Paid Search,3,209.56
ORD-0426,2026-04-11,CUST-0193,Midwest,Clothing,Referral,3,191.5
ORD-0427,2026-04-26,CUST-0189,East,Electronics,Social,5,1012.41
ORD-0428,2026-04-27,CUST-0048,Midwest,Home,Referral,1,106.6
ORD-0429,2026-04-28,CUST-0220,South,Electronics,Referral,4,618.42
ORD-0430,2026-02-24,CUST-0296,Midwest,Home,Email,3,248.1
ORD-0431,2026-02-03,CUST-0236,Midwest,Home,Organic,1,71.98
ORD-0432,2026-01-05,CUST-0220,East,Clothing,Social,4,180.08
ORD-0433,2026-02-21,CUST-0185,West,Home,Paid Search,3,215.1
ORD-0434,2026-03-06,CUST-0157,East,Home,Paid Search,1,85.34
ORD-0435,2026-06-29,CUST-0245,West,Beauty,Organic,1,30.02
ORD-0436,2026-01-20,CUST-0005,West,Sports,Paid Search,5,408.75
ORD-0437,2026-01-03,CUST-0118,South,Electronics,Social,2,355.99
ORD-0438,2026-04-09,CUST-0154,East,Electronics,Organic,3,504.24
ORD-0439,2026-02-05,CUST-0005,Midwest,Clothing,Paid Search,1,60.92
ORD-0440,2026-06-06,CUST-0078,West,Beauty,Email,2,85.12
ORD-0441,2026-04-16,CUST-0064,Midwest,Clothing,Organic,1,49.2
ORD-0442,2026-05-31,CUST-0127,Midwest,Home,Social,3,309.3
ORD-0443,2026-03-12,CUST-0312,East,Clothing,Referral,5,315.0
ORD-0444,2026-03-14,CUST-0097,East,Home,Paid Search,5,474.06
ORD-0445,2026-04-11,CUST-0124,South,Electronics,Paid Search,4,678.92
ORD-0446,2026-05-08,CUST-0068,East,Sports,Organic,3,273.82
ORD-0447,2026-04-10,CUST-0038,Midwest,Home,Referral,2,203.65
ORD-0448,2026-01-05,CUST-0031,East,Electronics,Email,2,277.17
ORD-0449,2026-04-12,CUST-0043,South,Sports,Social,4,330.27
ORD-0450,2026-06-13,CUST-0105,West,Home,Organic,3,213.17
ORD-0451,2026-02-09,CUST-0224,South,Beauty,Referral,1,36.2
ORD-0452,2026-03-03,CUST-0314,East,Clothing,Organic,4,193.92
ORD-0453,2026-06-05,CUST-0071,East,Home,Paid Search,1,68.07
ORD-0454,2026-06-29,CUST-0133,East,Clothing,Social,3,182.07
ORD-0455,2026-02-12,CUST-0016,South,Clothing,Email,1,68.14
ORD-0456,2026-03-27,CUST-0296,Midwest,Home,Referral,1,79.33
ORD-0457,2026-06-10,CUST-0256,East,Beauty,Social,5,186.01
ORD-0458,2026-05-26,CUST-0294,West,Home,Paid Search,3,306.9
ORD-0459,2026-06-22,CUST-0007,East,Clothing,Referral,1,46.32
ORD-0460,2026-03-04,CUST-0092,East,Beauty,Email,4,193.62
ORD-0461,2026-01-10,CUST-0164,Midwest,Clothing,Email,2,114.98
ORD-0462,2026-03-11,CUST-0027,East,Sports,Email,1,75.08
ORD-0463,2026-02-15,CUST-0239,West,Sports,Organic,4,235.34
ORD-0464,2026-03-14,CUST-0189,South,Home,Organic,5,440.27
ORD-0465,2026-02-21,CUST-0189,South,Sports,Email,5,326.73
ORD-0466,2026-06-01,CUST-0210,Midwest,Clothing,Referral,2,99.03
ORD-0467,2026-01-07,CUST-0001,West,Sports,Email,1,91.91
ORD-0468,2026-06-18,CUST-0122,Midwest,Home,Organic,2,182.68
ORD-0469,2026-04-18,CUST-0119,Midwest,Electronics,Paid Search,3,430.12
ORD-0470,2026-05-14,CUST-0259,Midwest,Home,Social,1,93.63
ORD-0471,2026-02-04,CUST-0340,Midwest,Electronics,Referral,5,703.03
ORD-0472,2026-02-03,CUST-0202,West,Home,Email,3,327.52
ORD-0473,2026-06-29,CUST-0104,South,Home,Social,3,234.04
ORD-0474,2026-02-04,CUST-0161,East,Clothing,Organic,2,116.97
ORD-0475,2026-04-15,CUST-0238,East,Sports,Email,2,146.39
ORD-0476,2026-03-09,CUST-0309,East,Electronics,Paid Search,3,628.12
ORD-0477,2026-01-11,CUST-0183,West,Home,Paid Search,1,99.5
ORD-0478,2026-04-12,CUST-0208,East,Home,Email,2,137.8
ORD-0479,2026-04-26,CUST-0072,West,Electronics,Social,1,207.35
ORD-0480,2026-02-01,CUST-0206,East,Electronics,Paid Search,2,305.66
ORD-0481,2026-04-06,CUST-0039,East,Sports,Referral,3,271.96
ORD-0482,2026-01-06,CUST-0170,East,Clothing,Social,2,95.52
ORD-0483,2026-02-01,CUST-0222,East,Beauty,Organic,2,96.97
ORD-0484,2026-04-12,CUST-0110,Midwest,Electronics,Social,4,602.21
ORD-0485,2026-02-17,CUST-0318,South,Home,Social,2,138.12
ORD-0486,2026-06-07,CUST-0246,West,Home,Social,4,428.9
ORD-0487,2026-01-16,CUST-0330,East,Home,Social,2,172.73
ORD-0488,2026-05-15,CUST-0184,West,Sports,Organic,4,342.29
ORD-0489,2026-05-03,CUST-0139,Midwest,Home,Referral,5,409.86
ORD-0490,2026-02-16,CUST-0144,East,Home,Referral,2,137.64
ORD-0491,2026-01-15,CUST-0082,Midwest,Sports,Email,5,468.68
ORD-0492,2026-01-26,CUST-0029,West,Clothing,Email,5,347.44
ORD-0493,2026-02-26,CUST-0163,Midwest,Home,Paid Search,2,156.29
ORD-0494,2026-06-28,CUST-0289,South,Sports,Organic,3,275.35
ORD-0495,2026-02-06,CUST-0020,West,Beauty,Referral,3,100.53
ORD-0496,2026-01-24,CUST-0245,East,Clothing,Referral,2,91.2
ORD-0497,2026-01-01,CUST-0091,South,Sports,Paid Search,2,138.06
ORD-0498,2026-03-24,CUST-0073,East,Electronics,Paid Search,5,992.11
ORD-0499,2026-01-29,CUST-0173,South,Electronics,Email,4,750.97
ORD-0500,2026-03-19,CUST-0250,South,Clothing,Paid Search,4,275.02
ORD-0501,2026-06-16,CUST-0115,South,Clothing,Referral,5,343.05
ORD-0502,2026-06-20,CUST-0001,West,Beauty,Email,3,97.64
ORD-0503,2026-06-29,CUST-0314,Midwest,Sports,Organic,2,157.68
ORD-0504,2026-02-26,CUST-0122,East,Beauty,Paid Search,3,134.72
ORD-0505,2026-03-30,CUST-0136,South,Clothing,Organic,3,175.2
ORD-0506,2026-02-23,CUST-0001,West,Electronics,Email,3,617.5
ORD-0507,2026-01-13,CUST-0253,Midwest,Beauty,Social,2,95.38
ORD-0508,2026-04-07,CUST-0296,South,Sports,Social,1,87.33
ORD-0509,2026-06-16,CUST-0018,West,Clothing,Social,1,68.98
ORD-0510,2026-03-17,CUST-0088,East,Home,Email,1,70.84
ORD-0511,2026-04-07,CUST-0315,West,Electronics,Referral,1,165.42
ORD-0512,2026-05-04,CUST-0081,East,Beauty,Paid Search,5,238.98
ORD-0513,2026-01-14,CUST-0284,East,Home,Paid Search,2,171.84
ORD-0514,2026-05-19,CUST-0202,South,Home,Email,2,143.63
ORD-0515,2026-05-27,CUST-0045,Midwest,Clothing,Organic,3,135.34
ORD-0516,2026-03-17,CUST-0327,Midwest,Clothing,Organic,1,51.21
ORD-0517,2026-03-16,CUST-0242,East,Beauty,Organic,3,137.09
ORD-0518,2026-05-06,CUST-0196,South,Electronics,Referral,4,606.56
ORD-0519,2026-04-05,CUST-0135,West,Beauty,Organic,3,116.38
ORD-0520,2026-02-27,CUST-0342,South,Sports,Organic,2,168.92
ORD-0521,2026-01-25,CUST-0302,East,Home,Referral,4,444.73
ORD-0522,2026-02-28,CUST-0244,East,Beauty,Referral,4,197.25
ORD-0523,2026-05-27,CUST-0018,West,Beauty,Email,1,37.9
ORD-0524,2026-05-09,CUST-0086,West,Electronics,Social,2,440.83
ORD-0525,2026-02-24,CUST-0350,West,Clothing,Organic,4,189.4
ORD-0526,2026-04-22,CUST-0035,West,Clothing,Referral,3,163.78
ORD-0527,2026-01-23,CUST-0142,Midwest,Sports,Social,5,342.4
ORD-0528,2026-05-14,CUST-0215,Midwest,Electronics,Referral,5,910.15
ORD-0529,2026-01-29,CUST-0052,Midwest,Clothing,Paid Search,5,313.19
ORD-0530,2026-01-28,CUST-0136,East,Home,Referral,3,321.02
ORD-0531,2026-04-09,CUST-0142,Midwest,Sports,Referral,4,230.62
ORD-0532,2026-04-14,CUST-0170,West,Sports,Referral,4,230.82
ORD-0533,2026-06-26,CUST-0011,West,Electronics,Social,3,647.2
ORD-0534,2026-03-28,CUST-0051,South,Home,Email,4,424.48
ORD-0535,2026-02-28,CUST-0214,West,Home,Social,3,238.87
ORD-0536,2026-06-04,CUST-0209,East,Clothing,Social,2,144.81
ORD-0537,2026-05-05,CUST-0260,South,Electronics,Referral,2,281.81
ORD-0538,2026-04-14,CUST-0103,West,Sports,Referral,1,62.77
ORD-0539,2026-01-15,CUST-0102,West,Electronics,Social,1,217.62
ORD-0540,2026-03-12,CUST-0064,South,Beauty,Referral,4,170.83
ORD-0541,2026-06-24,CUST-0091,East,Clothing,Email,4,251.29
ORD-0542,2026-05-02,CUST-0047,South,Home,Paid Search,3,303.61
ORD-0543,2026-03-14,CUST-0110,East,Beauty,Organic,2,94.15
ORD-0544,2026-02-26,CUST-0350,West,Clothing,Email,4,241.59
ORD-0545,2026-01-03,CUST-0115,Midwest,Clothing,Paid Search,5,345.13
ORD-0546,2026-03-06,CUST-0236,South,Home,Social,4,423.29
ORD-0547,2026-03-06,CUST-0204,West,Beauty,Email,5,232.43
ORD-0548,2026-05-30,CUST-0305,East,Electronics,Referral,3,556.59
ORD-0549,2026-06-05,CUST-0142,South,Home,Organic,4,281.49
ORD-0550,2026-06-13,CUST-0265,South,Home,Email,3,227.93
ORD-0551,2026-03-03,CUST-0014,East,Sports,Social,3,245.34
ORD-0552,2026-06-17,CUST-0019,Midwest,Home,Email,4,342.83
ORD-0553,2026-05-30,CUST-0244,West,Home,Paid Search,5,481.12
ORD-0554,2026-06-21,CUST-0286,South,Sports,Email,2,175.55
ORD-0555,2026-02-16,CUST-0287,South,Electronics,Social,2,403.37
ORD-0556,2026-02-16,CUST-0158,South,Electronics,Paid Search,3,465.3
ORD-0557,2026-04-18,CUST-0061,South,Home,Email,5,403.66
ORD-0558,2026-05-01,CUST-0100,East,Sports,Referral,5,294.6
ORD-0559,2026-05-09,CUST-0078,East,Beauty,Referral,3,114.79
ORD-0560,2026-02-05,CUST-0235,West,Home,Social,5,538.39
ORD-0561,2026-02-06,CUST-0091,South,Clothing,Organic,4,219.92
ORD-0562,2026-03-22,CUST-0087,East,Electronics,Social,3,461.53
ORD-0563,2026-05-28,CUST-0325,West,Beauty,Organic,2,84.58
ORD-0564,2026-04-20,CUST-0274,Midwest,Beauty,Social,4,120.37
ORD-0565,2026-02-21,CUST-0347,South,Electronics,Email,5,760.76
ORD-0566,2026-01-02,CUST-0197,West,Clothing,Email,3,146.6
ORD-0567,2026-05-09,CUST-0149,South,Clothing,Organic,1,53.95
ORD-0568,2026-04-27,CUST-0251,South,Beauty,Paid Search,3,149.77
ORD-0569,2026-04-02,CUST-0068,West,Clothing,Social,1,51.85
ORD-0570,2026-02-24,CUST-0334,East,Sports,Referral,2,121.74
ORD-0571,2026-01-10,CUST-0025,Midwest,Home,Referral,5,348.43
ORD-0572,2026-06-19,CUST-0195,East,Electronics,Organic,1,172.51
ORD-0573,2026-02-01,CUST-0323,South,Beauty,Paid Search,2,87.81
ORD-0574,2026-01-03,CUST-0311,South,Beauty,Organic,5,177.0
ORD-0575,2026-06-29,CUST-0061,West,Beauty,Organic,5,221.88
ORD-0576,2026-03-14,CUST-0135,East,Electronics,Social,2,379.62
ORD-0577,2026-05-14,CUST-0281,West,Home,Social,3,224.15
ORD-0578,2026-05-08,CUST-0344,West,Beauty,Email,2,60.11
ORD-0579,2026-01-23,CUST-0262,East,Sports,Social,2,183.71
ORD-0580,2026-01-20,CUST-0152,East,Home,Paid Search,4,447.96
ORD-0581,2026-03-09,CUST-0149,Midwest,Electronics,Organic,2,427.35
ORD-0582,2026-04-03,CUST-0024,South,Beauty,Organic,1,47.02
ORD-0583,2026-01-03,CUST-0319,West,Clothing,Email,3,215.51
ORD-0584,2026-03-10,CUST-0205,East,Home,Email,2,145.24
ORD-0585,2026-04-27,CUST-0086,South,Beauty,Social,4,171.91
ORD-0586,2026-01-29,CUST-0303,West,Electronics,Paid Search,1,172.44
ORD-0587,2026-05-04,CUST-0314,Midwest,Clothing,Referral,4,273.5
ORD-0588,2026-01-08,CUST-0226,West,Beauty,Social,1,47.75
ORD-0589,2026-01-12,CUST-0348,East,Home,Email,1,99.21
ORD-0590,2026-05-15,CUST-0317,West,Home,Referral,5,492.35
ORD-0591,2026-01-25,CUST-0329,Midwest,Clothing,Social,3,194.73
ORD-0592,2026-04-09,CUST-0081,West,Sports,Referral,1,56.69
ORD-0593,2026-05-10,CUST-0165,Midwest,Beauty,Paid Search,1,45.03
ORD-0594,2026-03-03,CUST-0330,South,Home,Organic,5,387.61
ORD-0595,2026-04-07,CUST-0294,Midwest,Clothing,Organic,4,233.3
ORD-0596,2026-04-25,CUST-0255,East,Beauty,Social,3,97.12
ORD-0597,2026-06-17,CUST-0282,East,Electronics,Social,4,552.9
ORD-0598,2026-01-01,CUST-0288,East,Sports,Referral,3,268.89
ORD-0599,2026-02-22,CUST-0233,Midwest,Home,Email,1,104.25
ORD-0600,2026-03-26,CUST-0338,Midwest,Home,Social,1,71.88
ORD-0601,2026-02-26,CUST-0192,East,Home,Email,3,276.44
ORD-0602,2026-06-29,CUST-0210,East,Electronics,Paid Search,4,590.56
ORD-0603,2026-01-28,CUST-0202,South,Sports,Paid Search,2,121.56
ORD-0604,2026-02-25,CUST-0024,Midwest,Clothing,Email,1,67.71
ORD-0605,2026-06-12,CUST-0069,East,Beauty,Social,5,245.62
ORD-0606,2026-05-08,CUST-0300,East,Sports,Organic,5,456.62
ORD-0607,2026-05-04,CUST-0337,West,Sports,Paid Search,2,120.27
ORD-0608,2026-06-03,CUST-0128,South,Sports,Social,4,371.93
ORD-0609,2026-03-12,CUST-0071,Midwest,Home,Email,4,414.86
ORD-0610,2026-04-16,CUST-0103,South,Sports,Email,5,399.86
ORD-0611,2026-02-23,CUST-0327,South,Home,Paid Search,2,180.35
ORD-0612,2026-03-24,CUST-0342,East,Home,Referral,4,374.91
ORD-0613,2026-04-17,CUST-0196,South,Beauty,Organic,5,160.65
ORD-0614,2026-02-07,CUST-0083,East,Electronics,Paid Search,3,607.55
ORD-0615,2026-03-15,CUST-0278,South,Clothing,Organic,3,153.36
ORD-0616,2026-01-09,CUST-0288,South,Beauty,Organic,5,236.8
ORD-0617,2026-02-27,CUST-0025,Midwest,Clothing,Referral,3,197.36
ORD-0618,2026-04-08,CUST-0129,Midwest,Beauty,Email,5,155.38
ORD-0619,2026-02-21,CUST-0309,Midwest,Clothing,Email,5,306.99
ORD-0620,2026-02-20,CUST-0039,West,Home,Social,2,223.51
ORD-0621,2026-02-17,CUST-0143,West,Sports,Organic,4,231.1
ORD-0622,2026-05-23,CUST-0003,South,Clothing,Paid Search,5,351.9
ORD-0623,2026-03-26,CUST-0306,Midwest,Clothing,Organic,2,145.72
ORD-0624,2026-01-14,CUST-0163,South,Beauty,Referral,5,185.81
ORD-0625,2026-05-15,CUST-0082,West,Clothing,Referral,1,68.59
ORD-0626,2026-04-17,CUST-0340,Midwest,Electronics,Email,2,429.01
ORD-0627,2026-03-26,CUST-0317,South,Home,Email,2,220.53
ORD-0628,2026-05-16,CUST-0229,Midwest,Sports,Organic,1,81.34
ORD-0629,2026-03-03,CUST-0059,West,Electronics,Email,4,869.74
ORD-0630,2026-04-09,CUST-0192,South,Sports,Email,1,90.43
ORD-0631,2026-05-12,CUST-0099,Midwest,Beauty,Organic,3,143.9
ORD-0632,2026-03-24,CUST-0321,East,Electronics,Paid Search,5,914.94
ORD-0633,2026-01-17,CUST-0223,West,Clothing,Social,1,51.17
ORD-0634,2026-06-15,CUST-0020,East,Clothing,Organic,4,266.02
ORD-0635,2026-01-23,CUST-0295,East,Electronics,Paid Search,3,555.68
ORD-0636,2026-02-28,CUST-0222,South,Beauty,Social,4,170.42
ORD-0637,2026-03-22,CUST-0317,East,Beauty,Organic,5,150.59
ORD-0638,2026-01-17,CUST-0155,East,Electronics,Email,5,722.76
ORD-0639,2026-06-05,CUST-0339,East,Home,Social,4,341.12
ORD-0640,2026-01-08,CUST-0201,Midwest,Clothing,Referral,2,98.18
ORD-0641,2026-05-20,CUST-0006,South,Clothing,Email,3,221.17
ORD-0642,2026-05-22,CUST-0202,West,Electronics,Organic,1,186.54
ORD-0643,2026-05-18,CUST-0331,East,Home,Paid Search,3,231.08
ORD-0644,2026-05-12,CUST-0130,West,Clothing,Paid Search,2,127.01
ORD-0645,2026-02-19,CUST-0282,East,Clothing,Referral,1,70.54
ORD-0646,2026-04-29,CUST-0298,East,Home,Organic,3,215.76
ORD-0647,2026-05-05,CUST-0318,South,Home,Paid Search,2,144.0
ORD-0648,2026-01-18,CUST-0338,West,Home,Social,4,329.1
ORD-0649,2026-03-20,CUST-0220,West,Sports,Referral,3,259.62
ORD-0650,2026-02-13,CUST-0329,East,Home,Paid Search,2,199.1
ORD-0651,2026-04-22,CUST-0237,South,Home,Paid Search,3,321.01
ORD-0652,2026-04-25,CUST-0331,South,Home,Social,5,361.99
ORD-0653,2026-06-05,CUST-0321,East,Home,Paid Search,5,381.7
ORD-0654,2026-01-20,CUST-0297,East,Electronics,Referral,1,208.14
ORD-0655,2026-04-14,CUST-0277,West,Electronics,Referral,3,551.74
ORD-0656,2026-05-01,CUST-0302,West,Home,Social,2,215.23
ORD-0657,2026-03-16,CUST-0187,West,Beauty,Referral,5,159.06
ORD-0658,2026-05-09,CUST-0072,East,Clothing,Referral,2,135.43
ORD-0659,2026-04-25,CUST-0075,West,Clothing,Referral,5,323.91
ORD-0660,2026-05-04,CUST-0136,South,Electronics,Paid Search,4,623.43
ORD-0661,2026-04-05,CUST-0185,West,Electronics,Paid Search,5,1083.48
ORD-0662,2026-04-10,CUST-0166,Midwest,Beauty,Organic,1,49.61
ORD-0663,2026-01-27,CUST-0193,South,Home,Referral,5,465.79
ORD-0664,2026-06-17,CUST-0193,Midwest,Home,Referral,1,90.75
ORD-0665,2026-02-27,CUST-0310,Midwest,Home,Email,4,412.68
ORD-0666,2026-01-02,CUST-0330,West,Beauty,Paid Search,2,63.08
ORD-0667,2026-03-13,CUST-0061,West,Clothing,Paid Search,2,111.73
ORD-0668,2026-06-19,CUST-0246,West,Beauty,Email,1,39.63
ORD-0669,2026-05-03,CUST-0023,West,Sports,Paid Search,4,228.37
ORD-0670,2026-02-02,CUST-0076,West,Clothing,Referral,1,71.72
ORD-0671,2026-01-15,CUST-0307,West,Home,Paid Search,5,553.1
ORD-0672,2026-05-25,CUST-0242,East,Home,Organic,2,175.43
ORD-0673,2026-05-04,CUST-0299,West,Clothing,Social,5,246.41
ORD-0674,2026-02-16,CUST-0036,South,Clothing,Email,4,251.58
ORD-0675,2026-02-28,CUST-0268,Midwest,Beauty,Paid Search,1,30.33
ORD-0676,2026-05-10,CUST-0315,Midwest,Clothing,Referral,1,50.32
ORD-0677,2026-06-03,CUST-0338,East,Sports,Referral,1,59.74
ORD-0678,2026-02-03,CUST-0023,East,Beauty,Referral,4,149.63
ORD-0679,2026-06-28,CUST-0295,Midwest,Clothing,Social,4,222.06
ORD-0680,2026-01-26,CUST-0043,Midwest,Clothing,Email,4,271.9
ORD-0681,2026-03-14,CUST-0004,Midwest,Home,Paid Search,1,99.41
ORD-0682,2026-05-28,CUST-0162,East,Sports,Organic,4,323.18
ORD-0683,2026-04-15,CUST-0130,South,Electronics,Paid Search,4,774.57
ORD-0684,2026-03-08,CUST-0349,Midwest,Sports,Email,5,332.92
ORD-0685,2026-04-12,CUST-0190,West,Beauty,Referral,5,198.25
ORD-0686,2026-05-24,CUST-0204,Midwest,Home,Email,5,414.98
ORD-0687,2026-02-05,CUST-0261,East,Clothing,Social,2,96.02
ORD-0688,2026-04-13,CUST-0326,South,Sports,Referral,1,62.28
ORD-0689,2026-01-02,CUST-0033,East,Clothing,Social,5,290.31
ORD-0690,2026-03-09,CUST-0197,West,Home,Organic,5,345.99
ORD-0691,2026-04-13,CUST-0225,South,Sports,Organic,2,160.52
ORD-0692,2026-01-03,CUST-0307,West,Sports,Email,2,115.02
ORD-0693,2026-05-11,CUST-0336,West,Sports,Paid Search,1,69.74
ORD-0694,2026-01-01,CUST-0203,West,Electronics,Email,4,667.13
ORD-0695,2026-04-14,CUST-0282,West,Sports,Organic,1,90.72
ORD-0696,2026-03-14,CUST-0100,South,Home,Email,2,189.57
ORD-0697,2026-04-27,CUST-0260,Midwest,Sports,Organic,3,188.44
ORD-0698,2026-01-28,CUST-0263,East,Sports,Email,3,275.29
ORD-0699,2026-03-07,CUST-0125,South,Beauty,Social,5,198.36
ORD-0700,2026-03-28,CUST-0133,Midwest,Beauty,Referral,1,39.64
ORD-0701,2026-01-18,CUST-0181,Midwest,Clothing,Paid Search,3,172.12
ORD-0702,2026-05-13,CUST-0345,East,Home,Paid Search,3,215.06
ORD-0703,2026-03-29,CUST-0112,East,Sports,Paid Search,4,272.08
ORD-0704,2026-05-27,CUST-0121,South,Clothing,Paid Search,4,268.45
ORD-0705,2026-03-03,CUST-0317,South,Clothing,Paid Search,2,140.1
ORD-0706,2026-04-02,CUST-0340,West,Electronics,Organic,1,195.82
ORD-0707,2026-05-07,CUST-0162,East,Sports,Organic,4,280.68
ORD-0708,2026-05-07,CUST-0114,South,Beauty,Paid Search,5,178.03
ORD-0709,2026-05-28,CUST-0277,West,Electronics,Referral,4,712.2
ORD-0710,2026-01-09,CUST-0266,South,Beauty,Paid Search,4,198.12
ORD-0711,2026-04-28,CUST-0052,South,Electronics,Organic,2,338.3
ORD-0712,2026-03-25,CUST-0122,South,Sports,Email,2,153.64
ORD-0713,2026-03-10,CUST-0218,Midwest,Sports,Email,3,189.44
ORD-0714,2026-02-23,CUST-0093,Midwest,Home,Email,4,320.33
ORD-0715,2026-05-27,CUST-0121,West,Sports,Paid Search,1,83.28
ORD-0716,2026-05-23,CUST-0077,Midwest,Beauty,Paid Search,2,92.0
ORD-0717,2026-05-02,CUST-0323,East,Clothing,Social,4,196.14
ORD-0718,2026-05-13,CUST-0291,South,Beauty,Email,3,123.73
ORD-0719,2026-01-13,CUST-0131,Midwest,Electronics,Paid Search,1,154.39
ORD-0720,2026-05-02,CUST-0287,East,Beauty,Email,3,111.66
ORD-0721,2026-05-23,CUST-0348,South,Home,Organic,4,291.82
ORD-0722,2026-06-05,CUST-0146,West,Sports,Referral,5,313.98
ORD-0723,2026-04-01,CUST-0196,South,Sports,Social,4,358.44
ORD-0724,2026-06-07,CUST-0173,South,Beauty,Paid Search,2,85.62
ORD-0725,2026-04-18,CUST-0161,Midwest,Electronics,Organic,2,331.85
ORD-0726,2026-03-23,CUST-0228,South,Home,Referral,4,318.82
ORD-0727,2026-04-03,CUST-0065,Midwest,Beauty,Paid Search,2,94.17
ORD-0728,2026-03-02,CUST-0049,South,Electronics,Paid Search,2,341.47
ORD-0729,2026-01-17,CUST-0269,Midwest,Sports,Organic,1,85.16
ORD-0730,2026-01-22,CUST-0200,East,Home,Referral,2,142.59
ORD-0731,2026-03-21,CUST-0068,West,Clothing,Email,4,255.18
ORD-0732,2026-05-15,CUST-0167,West,Electronics,Organic,3,637.3
ORD-0733,2026-05-02,CUST-0277,Midwest,Sports,Email,5,364.66
ORD-0734,2026-02-15,CUST-0274,Midwest,Sports,Social,5,401.21
ORD-0735,2026-03-21,CUST-0227,South,Beauty,Referral,2,92.19
ORD-0736,2026-03-20,CUST-0001,South,Beauty,Email,2,72.14
ORD-0737,2026-05-14,CUST-0252,West,Home,Email,4,366.32
ORD-0738,2026-05-03,CUST-0004,South,Electronics,Social,3,566.19
ORD-0739,2026-05-21,CUST-0128,South,Clothing,Social,5,290.57
ORD-0740,2026-02-11,CUST-0321,Midwest,Beauty,Paid Search,3,94.75
ORD-0741,2026-03-03,CUST-0036,South,Home,Referral,3,258.24
ORD-0742,2026-02-16,CUST-0140,West,Home,Organic,4,381.19
ORD-0743,2026-06-29,CUST-0274,Midwest,Clothing,Email,1,49.56
ORD-0744,2026-01-06,CUST-0225,West,Electronics,Email,3,438.76
ORD-0745,2026-01-03,CUST-0176,West,Electronics,Paid Search,1,179.42
ORD-0746,2026-04-18,CUST-0017,South,Beauty,Email,4,175.75
ORD-0747,2026-03-26,CUST-0037,East,Clothing,Organic,3,204.81
ORD-0748,2026-05-20,CUST-0007,Midwest,Clothing,Paid Search,3,208.55
ORD-0749,2026-02-01,CUST-0018,West,Beauty,Social,2,89.5
ORD-0750,2026-02-20,CUST-0349,Midwest,Electronics,Referral,2,355.11
ORD-0751,2026-03-21,CUST-0130,South,Clothing,Organic,5,303.14
ORD-0752,2026-05-04,CUST-0112,South,Clothing,Email,1,70.91
ORD-0753,2026-01-29,CUST-0142,West,Beauty,Email,1,33.35
ORD-0754,2026-05-30,CUST-0298,East,Beauty,Paid Search,1,49.38
ORD-0755,2026-06-26,CUST-0128,Midwest,Sports,Paid Search,3,255.46
ORD-0756,2026-02-10,CUST-0321,Midwest,Electronics,Referral,3,656.33
ORD-0757,2026-01-16,CUST-0065,East,Home,Paid Search,5,515.58
ORD-0758,2026-05-05,CUST-0225,West,Home,Referral,3,311.25
ORD-0759,2026-02-19,CUST-0021,East,Beauty,Email,2,70.03
ORD-0760,2026-05-05,CUST-0098,Midwest,Sports,Email,5,411.94
ORD-0761,2026-05-26,CUST-0141,West,Sports,Email,3,251.15
ORD-0762,2026-06-03,CUST-0135,West,Electronics,Referral,2,350.89
ORD-0763,2026-05-19,CUST-0095,South,Beauty,Organic,5,187.9
ORD-0764,2026-01-05,CUST-0338,South,Sports,Paid Search,3,249.86
ORD-0765,2026-05-18,CUST-0079,Midwest,Clothing,Referral,4,271.89
ORD-0766,2026-06-06,CUST-0268,South,Home,Social,3,217.41
ORD-0767,2026-06-18,CUST-0104,East,Electronics,Paid Search,2,427.23
ORD-0768,2026-01-28,CUST-0199,Midwest,Clothing,Organic,1,62.13
ORD-0769,2026-06-18,CUST-0188,Midwest,Sports,Referral,5,329.24
ORD-0770,2026-02-26,CUST-0041,East,Electronics,Paid Search,4,874.23
ORD-0771,2026-04-30,CUST-0030,East,Home,Referral,4,417.96
ORD-0772,2026-06-07,CUST-0040,South,Sports,Organic,1,87.54
ORD-0773,2026-02-25,CUST-0099,East,Electronics,Paid Search,5,848.4
ORD-0774,2026-05-15,CUST-0213,West,Sports,Paid Search,5,421.72
ORD-0775,2026-01-28,CUST-0093,South,Beauty,Social,1,33.34
ORD-0776,2026-05-21,CUST-0308,Midwest,Sports,Email,2,152.54
ORD-0777,2026-04-24,CUST-0212,South,Home,Referral,3,316.56
ORD-0778,2026-06-12,CUST-0110,Midwest,Home,Referral,2,185.68
ORD-0779,2026-04-07,CUST-0001,South,Home,Social,4,442.77
ORD-0780,2026-01-09,CUST-0155,South,Sports,Organic,5,306.58
ORD-0781,2026-01-02,CUST-0142,South,Clothing,Paid Search,3,136.95
ORD-0782,2026-05-22,CUST-0071,West,Electronics,Organic,4,668.04
ORD-0783,2026-03-09,CUST-0154,South,Sports,Paid Search,2,131.72
ORD-0784,2026-01-24,CUST-0248,Midwest,Sports,Paid Search,1,83.38
ORD-0785,2026-02-14,CUST-0020,Midwest,Sports,Organic,5,401.67
ORD-0786,2026-05-28,CUST-0223,Midwest,Electronics,Organic,3,498.94
ORD-0787,2026-04-17,CUST-0324,East,Clothing,Referral,1,64.02
ORD-0788,2026-04-08,CUST-0290,East,Home,Referral,1,81.87
ORD-0789,2026-02-08,CUST-0202,South,Sports,Paid Search,2,116.29
ORD-0790,2026-04-25,CUST-0076,East,Clothing,Social,3,205.77
ORD-0791,2026-02-03,CUST-0281,South,Electronics,Social,5,1010.39
ORD-0792,2026-04-13,CUST-0067,South,Electronics,Social,5,870.52
ORD-0793,2026-02-04,CUST-0293,Midwest,Sports,Paid Search,4,284.3
ORD-0794,2026-02-20,CUST-0166,West,Clothing,Organic,3,204.91
ORD-0795,2026-06-25,CUST-0098,East,Electronics,Social,4,671.5
ORD-0796,2026-03-24,CUST-0180,South,Sports,Organic,3,187.79
ORD-0797,2026-06-07,CUST-0120,Midwest,Sports,Paid Search,4,231.73
ORD-0798,2026-02-21,CUST-0125,South,Clothing,Organic,1,67.19
ORD-0799,2026-06-08,CUST-0057,West,Home,Organic,3,296.16
ORD-0800,2026-03-20,CUST-0276,Midwest,Beauty,Organic,3,102.54
ORD-0801,2026-02-24,CUST-0319,West,Sports,Referral,3,230.49
ORD-0802,2026-02-06,CUST-0088,East,Beauty,Referral,5,154.35
ORD-0803,2026-01-16,CUST-0336,South,Clothing,Referral,3,139.78
ORD-0804,2026-01-03,CUST-0010,East,Beauty,Email,3,141.86
ORD-0805,2026-03-16,CUST-0051,Midwest,Clothing,Social,5,371.49
ORD-0806,2026-03-22,CUST-0257,Midwest,Sports,Referral,1,63.24
ORD-0807,2026-04-28,CUST-0251,East,Electronics,Paid Search,5,812.22
ORD-0808,2026-04-11,CUST-0155,West,Electronics,Email,3,500.95
ORD-0809,2026-03-02,CUST-0016,South,Electronics,Email,4,860.54
ORD-0810,2026-05-23,CUST-0337,South,Clothing,Paid Search,3,215.75
ORD-0811,2026-02-05,CUST-0117,East,Beauty,Referral,5,237.27
ORD-0812,2026-04-17,CUST-0310,West,Sports,Paid Search,4,370.58
ORD-0813,2026-03-26,CUST-0298,Midwest,Sports,Paid Search,2,161.44
ORD-0814,2026-05-19,CUST-0221,West,Clothing,Email,5,361.43
ORD-0815,2026-02-07,CUST-0061,West,Home,Organic,5,457.42
ORD-0816,2026-02-17,CUST-0212,South,Clothing,Organic,3,214.21
ORD-0817,2026-04-16,CUST-0055,South,Beauty,Email,2,91.16
ORD-0818,2026-02-03,CUST-0291,West,Electronics,Referral,5,795.09
ORD-0819,2026-06-06,CUST-0184,West,Sports,Paid Search,2,164.05
ORD-0820,2026-01-21,CUST-0333,Midwest,Clothing,Referral,5,295.31
ORD-0821,2026-04-06,CUST-0099,West,Beauty,Social,4,131.0
ORD-0822,2026-02-27,CUST-0114,East,Beauty,Organic,3,147.01
ORD-0823,2026-06-21,CUST-0225,West,Clothing,Organic,2,145.63
ORD-0824,2026-06-07,CUST-0022,Midwest,Home,Social,2,173.48
ORD-0825,2026-06-05,CUST-0293,Midwest,Home,Social,5,548.81
ORD-0826,2026-06-02,CUST-0022,East,Sports,Organic,4,293.54
ORD-0827,2026-03-04,CUST-0323,Midwest,Electronics,Referral,4,725.81
ORD-0828,2026-01-13,CUST-0147,West,Home,Social,4,429.19
ORD-0829,2026-04-29,CUST-0265,West,Beauty,Email,5,241.9
ORD-0830,2026-02-06,CUST-0300,Midwest,Beauty,Organic,5,161.32
ORD-0831,2026-06-28,CUST-0092,West,Beauty,Social,3,117.05
ORD-0832,2026-04-27,CUST-0333,West,Beauty,Organic,3,109.44
ORD-0833,2026-02-11,CUST-0044,East,Electronics,Organic,4,768.27
ORD-0834,2026-05-15,CUST-0195,Midwest,Sports,Referral,2,140.9
ORD-0835,2026-01-12,CUST-0075,West,Home,Referral,2,149.59
ORD-0836,2026-02-15,CUST-0229,East,Beauty,Email,3,133.81
ORD-0837,2026-03-15,CUST-0130,West,Electronics,Paid Search,2,270.64
ORD-0838,2026-01-04,CUST-0312,Midwest,Beauty,Social,5,230.75
ORD-0839,2026-05-07,CUST-0227,West,Clothing,Referral,4,234.45
ORD-0840,2026-01-21,CUST-0286,East,Clothing,Referral,3,190.78
ORD-0841,2026-02-23,CUST-0019,East,Clothing,Paid Search,1,64.6
ORD-0842,2026-02-07,CUST-0045,East,Sports,Referral,3,206.0
ORD-0843,2026-01-13,CUST-0313,East,Beauty,Paid Search,2,86.88
ORD-0844,2026-06-19,CUST-0048,West,Beauty,Referral,3,145.89
ORD-0845,2026-03-18,CUST-0282,South,Home,Social,1,101.63
ORD-0846,2026-01-17,CUST-0141,South,Beauty,Paid Search,1,43.89
ORD-0847,2026-03-26,CUST-0056,Midwest,Sports,Paid Search,2,158.4
ORD-0848,2026-05-27,CUST-0163,East,Beauty,Referral,3,115.62
ORD-0849,2026-03-08,CUST-0324,South,Clothing,Referral,5,299.46
ORD-0850,2026-05-08,CUST-0100,Midwest,Clothing,Referral,2,132.52
ORD-0851,2026-01-01,CUST-0107,East,Electronics,Social,1,201.37
ORD-0852,2026-06-07,CUST-0327,Midwest,Beauty,Organic,3,110.98
ORD-0853,2026-02-24,CUST-0158,East,Clothing,Email,3,206.12
ORD-0854,2026-03-18,CUST-0292,South,Electronics,Organic,3,497.17
ORD-0855,2026-06-07,CUST-0345,East,Clothing,Paid Search,3,210.04
ORD-0856,2026-05-03,CUST-0236,Midwest,Electronics,Paid Search,4,595.94
ORD-0857,2026-05-18,CUST-0154,South,Beauty,Social,1,46.7
ORD-0858,2026-05-25,CUST-0170,South,Sports,Referral,1,64.06
ORD-0859,2026-04-01,CUST-0193,East,Clothing,Email,1,55.17
ORD-0860,2026-06-10,CUST-0060,West,Sports,Referral,4,253.11
ORD-0861,2026-03-20,CUST-0122,South,Electronics,Email,4,571.25
ORD-0862,2026-04-06,CUST-0058,Midwest,Home,Paid Search,5,405.52
ORD-0863,2026-04-06,CUST-0248,East,Clothing,Organic,4,240.72
ORD-0864,2026-05-09,CUST-0269,West,Clothing,Email,4,267.89
ORD-0865,2026-03-21,CUST-0068,South,Clothing,Organic,5,326.51
ORD-0866,2026-02-22,CUST-0160,East,Beauty,Social,5,161.58
ORD-0867,2026-01-12,CUST-0338,East,Home,Social,1,72.14
ORD-0868,2026-03-21,CUST-0099,East,Sports,Email,2,136.57
ORD-0869,2026-03-15,CUST-0140,South,Sports,Email,4,325.67
ORD-0870,2026-02-08,CUST-0287,West,Home,Organic,1,110.62
ORD-0871,2026-05-12,CUST-0139,East,Clothing,Referral,3,184.44
ORD-0872,2026-02-06,CUST-0314,South,Sports,Paid Search,2,117.84
ORD-0873,2026-03-28,CUST-0346,Midwest,Electronics,Paid Search,1,177.37
ORD-0874,2026-01-13,CUST-0092,East,Beauty,Organic,1,38.53
ORD-0875,2026-06-02,CUST-0102,Midwest,Sports,Email,3,206.14
ORD-0876,2026-06-21,CUST-0240,East,Beauty,Referral,2,63.72
ORD-0877,2026-01-25,CUST-0115,Midwest,Home,Social,4,311.7
ORD-0878,2026-02-06,CUST-0341,South,Home,Social,2,197.97
ORD-0879,2026-03-26,CUST-0058,South,Beauty,Social,1,31.31
ORD-0880,2026-03-31,CUST-0310,Midwest,Beauty,Paid Search,3,136.08
ORD-0881,2026-05-28,CUST-0055,West,Sports,Organic,4,347.63
ORD-0882,2026-03-25,CUST-0212,East,Home,Referral,4,342.15
ORD-0883,2026-03-03,CUST-0175,West,Sports,Paid Search,4,282.57
ORD-0884,2026-02-23,CUST-0121,Midwest,Beauty,Referral,3,122.67
ORD-0885,2026-02-14,CUST-0238,East,Sports,Social,1,78.46
ORD-0886,2026-03-25,CUST-0036,East,Beauty,Paid Search,3,147.35
ORD-0887,2026-06-03,CUST-0339,East,Sports,Social,3,224.36
ORD-0888,2026-01-16,CUST-0326,East,Clothing,Paid Search,5,360.49
ORD-0889,2026-01-01,CUST-0316,West,Clothing,Social,5,268.73
ORD-0890,2026-05-28,CUST-0348,Midwest,Clothing,Paid Search,3,161.98
ORD-0891,2026-03-19,CUST-0262,Midwest,Home,Organic,5,339.33
ORD-0892,2026-04-14,CUST-0028,West,Home,Organic,3,324.15
ORD-0893,2026-01-01,CUST-0303,South,Electronics,Email,1,156.17
ORD-0894,2026-04-11,CUST-0109,South,Beauty,Social,4,154.82
ORD-0895,2026-06-19,CUST-0185,West,Beauty,Paid Search,2,82.22
ORD-0896,2026-04-17,CUST-0332,West,Home,Paid Search,2,136.04
ORD-0897,2026-01-05,CUST-0329,West,Beauty,Social,2,63.39
ORD-0898,2026-04-17,CUST-0261,Midwest,Sports,Social,5,314.96
ORD-0899,2026-04-19,CUST-0310,Midwest,Beauty,Email,2,67.43
ORD-0900,2026-01-02,CUST-0280,Midwest,Clothing,Referral,3,171.98
ORD-0901,2026-05-28,CUST-0189,South,Electronics,Organic,5,892.47
ORD-0902,2026-01-29,CUST-0144,Midwest,Electronics,Paid Search,5,1117.61
ORD-0903,2026-04-30,CUST-0323,East,Sports,Referral,1,65.45
ORD-0904,2026-06-19,CUST-0176,East,Sports,Referral,3,237.72
ORD-0905,2026-05-17,CUST-0294,East,Beauty,Social,5,240.61
ORD-0906,2026-03-26,CUST-0306,Midwest,Home,Email,3,225.11
ORD-0907,2026-03-19,CUST-0027,South,Electronics,Social,5,751.09
ORD-0908,2026-06-18,CUST-0065,South,Sports,Organic,3,223.29
ORD-0909,2026-05-10,CUST-0141,East,Home,Email,2,190.42
ORD-0910,2026-03-07,CUST-0078,East,Electronics,Referral,2,433.82
ORD-0911,2026-06-18,CUST-0121,Midwest,Home,Paid Search,3,308.14
ORD-0912,2026-05-05,CUST-0075,West,Sports,Organic,3,279.46
ORD-0913,2026-06-02,CUST-0226,West,Beauty,Social,4,139.04
ORD-0914,2026-06-13,CUST-0136,West,Clothing,Referral,3,139.89
ORD-0915,2026-01-30,CUST-0244,East,Clothing,Social,4,237.15
ORD-0916,2026-05-17,CUST-0272,West,Beauty,Social,4,141.01
ORD-0917,2026-04-22,CUST-0272,East,Home,Social,4,392.13
ORD-0918,2026-06-24,CUST-0222,East,Electronics,Referral,3,663.17
ORD-0919,2026-06-06,CUST-0131,South,Home,Email,3,310.81
ORD-0920,2026-06-17,CUST-0267,Midwest,Beauty,Paid Search,5,227.05
ORD-0921,2026-03-28,CUST-0035,West,Home,Referral,1,97.78
ORD-0922,2026-01-04,CUST-0180,Midwest,Electronics,Referral,1,196.69
ORD-0923,2026-02-26,CUST-0048,South,Home,Paid Search,1,68.57
ORD-0924,2026-01-15,CUST-0310,West,Sports,Organic,1,59.49
ORD-0925,2026-02-03,CUST-0130,Midwest,Sports,Paid Search,1,82.34
ORD-0926,2026-03-17,CUST-0342,Midwest,Electronics,Social,3,612.73
ORD-0927,2026-03-24,CUST-0196,South,Clothing,Organic,3,204.94
ORD-0928,2026-04-10,CUST-0036,South,Electronics,Email,3,453.04
ORD-0929,2026-05-06,CUST-0056,West,Sports,Social,2,160.91
ORD-0930,2026-02-06,CUST-0133,Midwest,Clothing,Referral,1,72.38
ORD-0931,2026-01-27,CUST-0229,East,Electronics,Organic,5,1002.4
ORD-0932,2026-01-05,CUST-0137,Midwest,Clothing,Organic,1,64.94
ORD-0933,2026-02-08,CUST-0252,South,Beauty,Referral,1,40.31
ORD-0934,2026-05-03,CUST-0197,Midwest,Beauty,Organic,5,172.58
ORD-0935,2026-06-26,CUST-0184,Midwest,Electronics,Referral,5,1095.77
ORD-0936,2026-03-27,CUST-0175,South,Beauty,Organic,1,37.31
ORD-0937,2026-01-21,CUST-0197,Midwest,Home,Paid Search,2,184.9
ORD-0938,2026-06-19,CUST-0184,West,Home,Social,1,95.88
ORD-0939,2026-05-05,CUST-0013,East,Beauty,Paid Search,2,61.43
ORD-0940,2026-06-01,CUST-0330,West,Beauty,Social,1,45.85
ORD-0941,2026-03-20,CUST-0029,Midwest,Sports,Social,1,57.64
ORD-0942,2026-03-28,CUST-0342,East,Beauty,Organic,2,92.28
ORD-0943,2026-05-14,CUST-0037,Midwest,Sports,Paid Search,5,324.93
ORD-0944,2026-01-10,CUST-0317,West,Beauty,Organic,4,192.57
ORD-0945,2026-01-12,CUST-0158,West,Clothing,Organic,2,127.96
ORD-0946,2026-01-25,CUST-0055,Midwest,Sports,Paid Search,5,293.24
ORD-0947,2026-01-30,CUST-0104,Midwest,Sports,Referral,2,117.23
ORD-0948,2026-04-20,CUST-0295,South,Beauty,Email,1,49.52
ORD-0949,2026-05-20,CUST-0172,West,Home,Paid Search,1,94.19
ORD-0950,2026-01-17,CUST-0190,East,Home,Paid Search,4,300.25
ORD-0951,2026-05-22,CUST-0052,West,Beauty,Paid Search,5,154.07
ORD-0952,2026-06-11,CUST-0004,Midwest,Clothing,Organic,4,189.69
ORD-0953,2026-02-15,CUST-0244,East,Sports,Email,4,329.03
ORD-0954,2026-06-27,CUST-0211,West,Clothing,Paid Search,3,182.08
ORD-0955,2026-03-03,CUST-0256,West,Sports,Organic,5,315.0
ORD-0956,2026-06-06,CUST-0121,East,Home,Email,4,270.82
ORD-0957,2026-02-19,CUST-0277,East,Sports,Organic,5,349.11
ORD-0958,2026-05-10,CUST-0058,West,Beauty,Paid Search,3,93.18
ORD-0959,2026-02-08,CUST-0023,Midwest,Beauty,Paid Search,2,86.81
ORD-0960,2026-01-14,CUST-0316,South,Home,Paid Search,4,315.25
ORD-0961,2026-04-27,CUST-0015,East,Electronics,Organic,5,754.15
ORD-0962,2026-05-05,CUST-0167,East,Electronics,Paid Search,4,753.37
ORD-0963,2026-04-18,CUST-0051,West,Home,Paid Search,1,82.18
ORD-0964,2026-03-02,CUST-0300,Midwest,Clothing,Social,2,94.41
ORD-0965,2026-05-05,CUST-0233,East,Beauty,Paid Search,2,97.12
ORD-0966,2026-02-15,CUST-0324,Midwest,Home,Paid Search,4,399.57
ORD-0967,2026-04-02,CUST-0292,South,Clothing,Email,2,91.93
ORD-0968,2026-01-16,CUST-0088,South,Clothing,Organic,4,235.03
ORD-0969,2026-03-29,CUST-0327,West,Home,Referral,2,206.06
ORD-0970,2026-06-06,CUST-0268,West,Sports,Referral,2,118.99
ORD-0971,2026-05-06,CUST-0220,West,Sports,Social,4,266.88
ORD-0972,2026-03-05,CUST-0303,West,Home,Social,5,387.54
ORD-0973,2026-02-08,CUST-0259,East,Beauty,Organic,1,49.83
ORD-0974,2026-01-09,CUST-0051,Midwest,Sports,Social,4,346.46
ORD-0975,2026-04-26,CUST-0209,Midwest,Clothing,Organic,5,337.96
ORD-0976,2026-02-25,CUST-0047,West,Home,Email,2,193.29
ORD-0977,2026-01-05,CUST-0299,Midwest,Home,Paid Search,4,424.43
ORD-0978,2026-01-07,CUST-0190,Midwest,Beauty,Paid Search,4,134.8
ORD-0979,2026-06-10,CUST-0171,Midwest,Electronics,Organic,4,861.64
ORD-0980,2026-05-16,CUST-0314,East,Home,Social,3,296.74
ORD-0981,2026-05-19,CUST-0029,West,Electronics,Referral,3,603.66
ORD-0982,2026-05-12,CUST-0317,South,Electronics,Organic,4,671.61
ORD-0983,2026-01-11,CUST-0288,South,Home,Paid Search,5,496.1
ORD-0984,2026-02-22,CUST-0245,West,Home,Paid Search,5,363.05
ORD-0985,2026-05-29,CUST-0258,West,Clothing,Email,3,215.81
ORD-0986,2026-06-24,CUST-0232,Midwest,Home,Organic,1,84.28
ORD-0987,2026-05-05,CUST-0232,East,Beauty,Referral,5,239.95
ORD-0988,2026-06-08,CUST-0201,South,Electronics,Paid Search,4,571.43
ORD-0989,2026-02-15,CUST-0076,South,Electronics,Organic,2,319.67
ORD-0990,2026-05-08,CUST-0350,West,Clothing,Referral,1,53.8
ORD-0991,2026-05-19,CUST-0331,West,Beauty,Email,4,155.51
ORD-0992,2026-01-06,CUST-0119,South,Clothing,Organic,1,71.15
ORD-0993,2026-05-14,CUST-0168,South,Beauty,Referral,3,129.35
ORD-0994,2026-05-05,CUST-0157,Midwest,Beauty,Email,5,163.2
ORD-0995,2026-02-13,CUST-0025,South,Clothing,Social,3,222.37
ORD-0996,2026-02-07,CUST-0083,South,Home,Social,2,190.68
ORD-0997,2026-05-18,CUST-0060,South,Clothing,Paid Search,2,99.68
ORD-0998,2026-01-11,CUST-0095,South,Sports,Paid Search,4,264.06
ORD-0999,2026-02-22,CUST-0277,East,Home,Email,2,168.56
ORD-1000,2026-02-11,CUST-0075,South,Electronics,Organic,4,875.18
